theta,t_c,gp_mean,L_true
8.000,0.100,0.0251,0.0000
8.600,0.100,0.0176,0.0000
9.200,0.100,0.0108,0.0000
9.800,0.100,0.0048,0.0000
10.400,0.100,-0.0004,0.0000
11.000,0.100,-0.0047,0.0000
11.600,0.100,-0.0083,0.0000
12.200,0.100,-0.0110,0.0000
12.800,0.100,-0.0129,0.0000
13.400,0.100,-0.0139,0.0000
14.000,0.100,-0.0143,0.0000
14.600,0.100,-0.0138,0.0000
15.200,0.100,-0.0128,0.0000
15.800,0.100,-0.0111,0.0000
16.400,0.100,-0.0090,0.0000
17.000,0.100,-0.0063,0.0000
17.600,0.100,-0.0034,0.0000
18.200,0.100,-0.0002,0.0000
18.800,0.100,0.0032,0.0000
19.400,0.100,0.0067,0.0000
20.000,0.100,0.0101,0.0000
20.600,0.100,0.0135,0.0000
21.200,0.100,0.0166,0.0000
21.800,0.100,0.0195,0.0000
22.400,0.100,0.0221,0.0000
23.000,0.100,0.0243,0.0000
23.600,0.100,0.0260,0.0000
24.200,0.100,0.0272,0.0000
24.800,0.100,0.0279,0.0000
25.400,0.100,0.0281,0.0000
26.000,0.100,0.0278,0.0000
26.600,0.100,0.0269,0.0000
27.200,0.100,0.0254,0.0000
27.800,0.100,0.0235,0.0000
28.400,0.100,0.0211,0.0000
29.000,0.100,0.0183,0.0000
29.600,0.100,0.0152,0.0000
30.200,0.100,0.0117,0.0000
30.800,0.100,0.0080,0.0000
31.400,0.100,0.0040,0.0000
32.000,0.100,0.0000,0.0000
8.000,0.138,0.0072,0.0000
8.600,0.138,-0.0031,0.0000
9.200,0.138,-0.0125,0.0000
9.800,0.138,-0.0210,0.0000
10.400,0.138,-0.0286,0.0000
11.000,0.138,-0.0351,0.0000
11.600,0.138,-0.0407,0.0000
12.200,0.138,-0.0452,0.0000
12.800,0.138,-0.0486,0.0000
13.400,0.138,-0.0511,0.0000
14.000,0.138,-0.0525,0.0000
14.600,0.138,-0.0530,0.0000
15.200,0.138,-0.0526,0.0000
15.800,0.138,-0.0513,0.0000
16.400,0.138,-0.0493,0.0000
17.000,0.138,-0.0467,0.0000
17.600,0.138,-0.0435,0.0000
18.200,0.138,-0.0398,0.0000
18.800,0.138,-0.0357,0.0000
19.400,0.138,-0.0314,0.0000
20.000,0.138,-0.0270,0.0000
20.600,0.138,-0.0225,0.0000
21.200,0.138,-0.0181,0.0000
21.800,0.138,-0.0139,0.0000
22.400,0.138,-0.0098,0.0000
23.000,0.138,-0.0062,0.0000
23.600,0.138,-0.0029,0.0000
24.200,0.138,-0.0000,0.0000
24.800,0.138,0.0023,0.0000
25.400,0.138,0.0041,0.0000
26.000,0.138,0.0053,0.0000
26.600,0.138,0.0060,0.0000
27.200,0.138,0.0061,0.0000
27.800,0.138,0.0056,0.0000
28.400,0.138,0.0046,0.0000
29.000,0.138,0.0031,0.0000
29.600,0.138,0.0012,0.0000
30.200,0.138,-0.0011,0.0000
30.800,0.138,-0.0038,0.0000
31.400,0.138,-0.0067,0.0000
32.000,0.138,-0.0098,0.0000
8.000,0.175,0.0005,0.0000
8.600,0.175,-0.0126,0.0000
9.200,0.175,-0.0248,0.0000
9.800,0.175,-0.0360,0.0000
10.400,0.175,-0.0461,0.0000
11.000,0.175,-0.0551,0.0000
11.600,0.175,-0.0628,0.0000
12.200,0.175,-0.0693,0.0000
12.800,0.175,-0.0746,0.0000
13.400,0.175,-0.0787,0.0000
14.000,0.175,-0.0815,0.0000
14.600,0.175,-0.0831,0.0000
15.200,0.175,-0.0837,0.0000
15.800,0.175,-0.0831,0.0000
16.400,0.175,-0.0816,0.0000
17.000,0.175,-0.0792,0.0000
17.600,0.175,-0.0761,0.0000
18.200,0.175,-0.0722,0.0000
18.800,0.175,-0.0678,0.0000
19.400,0.175,-0.0630,0.0000
20.000,0.175,-0.0579,0.0000
20.600,0.175,-0.0525,0.0000
21.200,0.175,-0.0471,0.0000
21.800,0.175,-0.0418,0.0000
22.400,0.175,-0.0365,0.0000
23.000,0.175,-0.0316,0.0000
23.600,0.175,-0.0269,0.0000
24.200,0.175,-0.0227,0.0000
24.800,0.175,-0.0190,0.0000
25.400,0.175,-0.0158,0.0000
26.000,0.175,-0.0131,0.0000
26.600,0.175,-0.0111,0.0000
27.200,0.175,-0.0097,0.0000
27.800,0.175,-0.0088,0.0000
28.400,0.175,-0.0086,0.0000
29.000,0.175,-0.0089,0.0000
29.600,0.175,-0.0097,0.0000
30.200,0.175,-0.0110,0.0000
30.800,0.175,-0.0127,0.0000
31.400,0.175,-0.0148,0.0000
32.000,0.175,-0.0171,0.0000
8.000,0.212,0.0060,0.0000
8.600,0.212,-0.0100,0.0000
9.200,0.212,-0.0250,0.0000
9.800,0.212,-0.0389,0.0000
10.400,0.212,-0.0517,0.0000
11.000,0.212,-0.0631,0.0000
11.600,0.212,-0.0733,0.0000
12.200,0.212,-0.0820,0.0000
12.800,0.212,-0.0893,0.0000
13.400,0.212,-0.0952,0.0000
14.000,0.212,-0.0997,0.0000
14.600,0.212,-0.1028,0.0000
15.200,0.212,-0.1046,0.0000
15.800,0.212,-0.1051,0.0000
16.400,0.212,-0.1044,0.0000
17.000,0.212,-0.1026,0.0000
17.600,0.212,-0.0998,0.0000
18.200,0.212,-0.0961,0.0000
18.800,0.212,-0.0917,0.0000
19.400,0.212,-0.0866,0.0000
20.000,0.212,-0.0811,0.0000
20.600,0.212,-0.0753,0.0000
21.200,0.212,-0.0692,0.0000
21.800,0.212,-0.0631,0.0000
22.400,0.212,-0.0570,0.0000
23.000,0.212,-0.0510,0.0000
23.600,0.212,-0.0454,0.0000
24.200,0.212,-0.0400,0.0000
24.800,0.212,-0.0352,0.0000
25.400,0.212,-0.0308,0.0000
26.000,0.212,-0.0270,0.0000
26.600,0.212,-0.0238,0.0000
27.200,0.212,-0.0213,0.0000
27.800,0.212,-0.0194,0.0000
28.400,0.212,-0.0181,0.0000
29.000,0.212,-0.0174,0.0000
29.600,0.212,-0.0173,0.0000
30.200,0.212,-0.0177,0.0000
30.800,0.212,-0.0186,0.0000
31.400,0.212,-0.0200,0.0000
32.000,0.212,-0.0217,0.0000
8.000,0.250,0.0242,0.0308
8.600,0.250,0.0054,0.0241
9.200,0.250,-0.0125,0.0173
9.800,0.250,-0.0292,0.0106
10.400,0.250,-0.0447,0.0067
11.000,0.250,-0.0588,0.0042
11.600,0.250,-0.0714,0.0017
12.200,0.250,-0.0825,0.0000
12.800,0.250,-0.0921,0.0000
13.400,0.250,-0.1000,0.0000
14.000,0.250,-0.1064,0.0000
14.600,0.250,-0.1112,0.0000
15.200,0.250,-0.1145,0.0000
15.800,0.250,-0.1163,0.0000
16.400,0.250,-0.1167,0.0000
17.000,0.250,-0.1158,0.0000
17.600,0.250,-0.1137,0.0000
18.200,0.250,-0.1106,0.0000
18.800,0.250,-0.1065,0.0000
19.400,0.250,-0.1016,0.0000
20.000,0.250,-0.0961,0.0000
20.600,0.250,-0.0901,0.0000
21.200,0.250,-0.0837,0.0000
21.800,0.250,-0.0772,0.0000
22.400,0.250,-0.0705,0.0000
23.000,0.250,-0.0640,0.0000
23.600,0.250,-0.0576,0.0000
24.200,0.250,-0.0515,0.0000
24.800,0.250,-0.0459,0.0000
25.400,0.250,-0.0407,0.0000
26.000,0.250,-0.0360,0.0000
26.600,0.250,-0.0320,0.0000
27.200,0.250,-0.0285,0.0000
27.800,0.250,-0.0258,0.0000
28.400,0.250,-0.0237,0.0000
29.000,0.250,-0.0222,0.0000
29.600,0.250,-0.0214,0.0000
30.200,0.250,-0.0212,0.0000
30.800,0.250,-0.0215,0.0000
31.400,0.250,-0.0223,0.0000
32.000,0.250,-0.0236,0.0000
8.000,0.287,0.0545,0.0771
8.600,0.287,0.0329,0.0602
9.200,0.287,0.0122,0.0433
9.800,0.287,-0.0072,0.0265
10.400,0.287,-0.0254,0.0167
11.000,0.287,-0.0422,0.0104
11.600,0.287,-0.0574,0.0042
12.200,0.287,-0.0710,0.0000
12.800,0.287,-0.0829,0.0000
13.400,0.287,-0.0931,0.0000
14.000,0.287,-0.1016,0.0000
14.600,0.287,-0.1083,0.0000
15.200,0.287,-0.1133,0.0000
15.800,0.287,-0.1167,0.0000
16.400,0.287,-0.1185,0.0000
17.000,0.287,-0.1188,0.0000
17.600,0.287,-0.1178,0.0000
18.200,0.287,-0.1155,0.0000
18.800,0.287,-0.1122,0.0000
19.400,0.287,-0.1078,0.0000
20.000,0.287,-0.1027,0.0000
20.600,0.287,-0.0969,0.0000
21.200,0.287,-0.0906,0.0000
21.800,0.287,-0.0840,0.0000
22.400,0.287,-0.0772,0.0000
23.000,0.287,-0.0704,0.0000
23.600,0.287,-0.0636,0.0000
24.200,0.287,-0.0572,0.0000
24.800,0.287,-0.0510,0.0000
25.400,0.287,-0.0453,0.0000
26.000,0.287,-0.0401,0.0000
26.600,0.287,-0.0355,0.0000
27.200,0.287,-0.0315,0.0000
27.800,0.287,-0.0282,0.0000
28.400,0.287,-0.0256,0.0000
29.000,0.287,-0.0236,0.0000
29.600,0.287,-0.0224,0.0000
30.200,0.287,-0.0217,0.0000
30.800,0.287,-0.0216,0.0000
31.400,0.287,-0.0221,0.0000
32.000,0.287,-0.0230,0.0000
8.000,0.325,0.0954,0.1233
8.600,0.325,0.0711,0.0963
9.200,0.325,0.0479,0.0693
9.800,0.325,0.0257,0.0423
10.400,0.325,0.0049,0.0267
11.000,0.325,-0.0145,0.0167
11.600,0.325,-0.0323,0.0067
12.200,0.325,-0.0484,0.0000
12.800,0.325,-0.0628,0.0000
13.400,0.325,-0.0753,0.0000
14.000,0.325,-0.0860,0.0000
14.600,0.325,-0.0948,0.0000
15.200,0.325,-0.1018,0.0000
15.800,0.325,-0.1070,0.0000
16.400,0.325,-0.1105,0.0000
17.000,0.325,-0.1123,0.0000
17.600,0.325,-0.1126,0.0000
18.200,0.325,-0.1115,0.0000
18.800,0.325,-0.1092,0.0000
19.400,0.325,-0.1057,0.0000
20.000,0.325,-0.1012,0.0000
20.600,0.325,-0.0960,0.0000
21.200,0.325,-0.0902,0.0000
21.800,0.325,-0.0839,0.0000
22.400,0.325,-0.0773,0.0000
23.000,0.325,-0.0706,0.0000
23.600,0.325,-0.0639,0.0000
24.200,0.325,-0.0573,0.0000
24.800,0.325,-0.0510,0.0000
25.400,0.325,-0.0451,0.0000
26.000,0.325,-0.0397,0.0000
26.600,0.325,-0.0349,0.0000
27.200,0.325,-0.0306,0.0000
27.800,0.325,-0.0270,0.0000
28.400,0.325,-0.0241,0.0000
29.000,0.325,-0.0219,0.0000
29.600,0.325,-0.0204,0.0000
30.200,0.325,-0.0195,0.0000
30.800,0.325,-0.0193,0.0000
31.400,0.325,-0.0196,0.0000
32.000,0.325,-0.0204,0.0000
8.000,0.363,0.1447,0.1692
8.600,0.363,0.1181,0.1352
9.200,0.363,0.0924,0.1012
9.800,0.363,0.0678,0.0672
10.400,0.363,0.0444,0.0469
11.000,0.363,0.0225,0.0335
11.600,0.363,0.0021,0.0202
12.200,0.363,-0.0165,0.0104
12.800,0.363,-0.0333,0.0079
13.400,0.363,-0.0483,0.0054
14.000,0.363,-0.0613,0.0029
14.600,0.363,-0.0723,0.0020
15.200,0.363,-0.0814,0.0012
15.800,0.363,-0.0886,0.0003
16.400,0.363,-0.0939,0.0000
17.000,0.363,-0.0974,0.0000
17.600,0.363,-0.0993,0.0000
18.200,0.363,-0.0996,0.0000
18.800,0.363,-0.0986,0.0000
19.400,0.363,-0.0962,0.0000
20.000,0.363,-0.0928,0.0000
20.600,0.363,-0.0885,0.0000
21.200,0.363,-0.0834,0.0000
21.800,0.363,-0.0777,0.0000
22.400,0.363,-0.0717,0.0000
23.000,0.363,-0.0654,0.0000
23.600,0.363,-0.0590,0.0000
24.200,0.363,-0.0527,0.0000
24.800,0.363,-0.0466,0.0000
25.400,0.363,-0.0408,0.0000
26.000,0.363,-0.0355,0.0000
26.600,0.363,-0.0307,0.0000
27.200,0.363,-0.0264,0.0000
27.800,0.363,-0.0229,0.0000
28.400,0.363,-0.0199,0.0000
29.000,0.363,-0.0177,0.0000
29.600,0.363,-0.0162,0.0000
30.200,0.363,-0.0153,0.0000
30.800,0.363,-0.0150,0.0000
31.400,0.363,-0.0153,0.0000
32.000,0.363,-0.0162,0.0000
8.000,0.400,0.1999,0.2142
8.600,0.400,0.1712,0.1794
9.200,0.400,0.1432,0.1447
9.800,0.400,0.1163,0.1099
10.400,0.400,0.0905,0.0877
11.000,0.400,0.0662,0.0717
11.600,0.400,0.0434,0.0557
12.200,0.400,0.0224,0.0417
12.800,0.400,0.0032,0.0317
13.400,0.400,-0.0141,0.0217
14.000,0.400,-0.0294,0.0117
14.600,0.400,-0.0427,0.0082
15.200,0.400,-0.0540,0.0047
15.800,0.400,-0.0632,0.0012
16.400,0.400,-0.0705,0.0000
17.000,0.400,-0.0759,0.0000
17.600,0.400,-0.0795,0.0000
18.200,0.400,-0.0815,0.0000
18.800,0.400,-0.0819,0.0000
19.400,0.400,-0.0810,0.0000
20.000,0.400,-0.0788,0.0000
20.600,0.400,-0.0756,0.0000
21.200,0.400,-0.0715,0.0000
21.800,0.400,-0.0667,0.0000
22.400,0.400,-0.0615,0.0000
23.000,0.400,-0.0559,0.0000
23.600,0.400,-0.0501,0.0000
24.200,0.400,-0.0443,0.0000
24.800,0.400,-0.0387,0.0000
25.400,0.400,-0.0333,0.0000
26.000,0.400,-0.0283,0.0000
26.600,0.400,-0.0238,0.0000
27.200,0.400,-0.0198,0.0000
27.800,0.400,-0.0164,0.0000
28.400,0.400,-0.0137,0.0000
29.000,0.400,-0.0116,0.0000
29.600,0.400,-0.0103,0.0000
30.200,0.400,-0.0095,0.0000
30.800,0.400,-0.0095,0.0000
31.400,0.400,-0.0100,0.0000
32.000,0.400,-0.0110,0.0000
8.000,0.438,0.2579,0.2592
8.600,0.438,0.2273,0.2237
9.200,0.438,0.1974,0.1882
9.800,0.438,0.1684,0.1527
10.400,0.438,0.1405,0.1284
11.000,0.438,0.1140,0.1098
11.600,0.438,0.0890,0.0912
12.200,0.438,0.0656,0.0729
12.800,0.438,0.0441,0.0554
13.400,0.438,0.0246,0.0379
14.000,0.438,0.0071,0.0204
14.600,0.438,-0.0084,0.0143
15.200,0.438,-0.0218,0.0082
15.800,0.438,-0.0332,0.0020
16.400,0.438,-0.0425,0.0000
17.000,0.438,-0.0498,0.0000
17.600,0.438,-0.0552,0.0000
18.200,0.438,-0.0589,0.0000
18.800,0.438,-0.0610,0.0000
19.400,0.438,-0.0615,0.0000
20.000,0.438,-0.0608,0.0000
20.600,0.438,-0.0589,0.0000
21.200,0.438,-0.0560,0.0000
21.800,0.438,-0.0523,0.0000
22.400,0.438,-0.0480,0.0000
23.000,0.438,-0.0433,0.0000
23.600,0.438,-0.0384,0.0000
24.200,0.438,-0.0333,0.0000
24.800,0.438,-0.0284,0.0000
25.400,0.438,-0.0236,0.0000
26.000,0.438,-0.0191,0.0000
26.600,0.438,-0.0150,0.0000
27.200,0.438,-0.0115,0.0000
27.800,0.438,-0.0085,0.0000
28.400,0.438,-0.0062,0.0000
29.000,0.438,-0.0045,0.0000
29.600,0.438,-0.0034,0.0000
30.200,0.438,-0.0030,0.0000
30.800,0.438,-0.0033,0.0000
31.400,0.438,-0.0041,0.0000
32.000,0.438,-0.0054,0.0000
8.000,0.475,0.3156,0.3042
8.600,0.475,0.2835,0.2679
9.200,0.475,0.2519,0.2317
9.800,0.475,0.2211,0.1954
10.400,0.475,0.1914,0.1692
11.000,0.475,0.1629,0.1479
11.600,0.475,0.1359,0.1267
12.200,0.475,0.1105,0.1042
12.800,0.475,0.0869,0.0792
13.400,0.475,0.0653,0.0542
14.000,0.475,0.0457,0.0292
14.600,0.475,0.0281,0.0204
15.200,0.475,0.0127,0.0117
15.800,0.475,-0.0007,0.0029
16.400,0.475,-0.0119,0.0000
17.000,0.475,-0.0212,0.0000
17.600,0.475,-0.0284,0.0000
18.200,0.475,-0.0339,0.0000
18.800,0.475,-0.0376,0.0000
19.400,0.475,-0.0397,0.0000
20.000,0.475,-0.0405,0.0000
20.600,0.475,-0.0399,0.0000
21.200,0.475,-0.0384,0.0000
21.800,0.475,-0.0359,0.0000
22.400,0.475,-0.0328,0.0000
23.000,0.475,-0.0291,0.0000
23.600,0.475,-0.0251,0.0000
24.200,0.475,-0.0209,0.0000
24.800,0.475,-0.0167,0.0000
25.400,0.475,-0.0127,0.0000
26.000,0.475,-0.0089,0.0000
26.600,0.475,-0.0055,0.0000
27.200,0.475,-0.0025,0.0000
27.800,0.475,-0.0001,0.0000
28.400,0.475,0.0018,0.0000
29.000,0.475,0.0030,0.0000
29.600,0.475,0.0036,0.0000
30.200,0.475,0.0036,0.0000
30.800,0.475,0.0029,0.0000
31.400,0.475,0.0017,0.0000
32.000,0.475,0.0000,0.0000
8.000,0.512,0.3703,0.3392
8.600,0.512,0.3369,0.3052
9.200,0.512,0.3040,0.2712
9.800,0.512,0.2718,0.2372
10.400,0.512,0.2405,0.2109
11.000,0.512,0.2103,0.1885
11.600,0.512,0.1816,0.1662
12.200,0.512,0.1545,0.1425
12.800,0.512,0.1291,0.1164
13.400,0.512,0.1056,0.0903
14.000,0.512,0.0840,0.0642
14.600,0.512,0.0646,0.0502
15.200,0.512,0.0473,0.0362
15.800,0.512,0.0321,0.0222
16.400,0.512,0.0190,0.0143
17.000,0.512,0.0080,0.0094
17.600,0.512,-0.0011,0.0045
18.200,0.512,-0.0082,0.0011
18.800,0.512,-0.0135,0.0008
19.400,0.512,-0.0172,0.0004
20.000,0.512,-0.0194,0.0000
20.600,0.512,-0.0203,0.0000
21.200,0.512,-0.0201,0.0000
21.800,0.512,-0.0189,0.0000
22.400,0.512,-0.0169,0.0000
23.000,0.512,-0.0143,0.0000
23.600,0.512,-0.0114,0.0000
24.200,0.512,-0.0081,0.0000
24.800,0.512,-0.0049,0.0000
25.400,0.512,-0.0016,0.0000
26.000,0.512,0.0014,0.0000
26.600,0.512,0.0041,0.0000
27.200,0.512,0.0064,0.0000
27.800,0.512,0.0082,0.0000
28.400,0.512,0.0095,0.0000
29.000,0.512,0.0102,0.0000
29.600,0.512,0.0102,0.0000
30.200,0.512,0.0097,0.0000
30.800,0.512,0.0086,0.0000
31.400,0.512,0.0070,0.0000
32.000,0.512,0.0048,0.0000
8.000,0.550,0.4195,0.3742
8.600,0.550,0.3853,0.3424
9.200,0.550,0.3513,0.3107
9.800,0.550,0.3180,0.2789
10.400,0.550,0.2855,0.2527
11.000,0.550,0.2541,0.2292
11.600,0.550,0.2239,0.2057
12.200,0.550,0.1953,0.1809
12.800,0.550,0.1684,0.1537
13.400,0.550,0.1433,0.1264
14.000,0.550,0.1202,0.0992
14.600,0.550,0.0991,0.0799
15.200,0.550,0.0801,0.0607
15.800,0.550,0.0633,0.0414
16.400,0.550,0.0485,0.0285
17.000,0.550,0.0359,0.0187
17.600,0.550,0.0253,0.0090
18.200,0.550,0.0166,0.0022
18.800,0.550,0.0097,0.0015
19.400,0.550,0.0046,0.0008
20.000,0.550,0.0010,0.0000
20.600,0.550,-0.0013,0.0000
21.200,0.550,-0.0023,0.0000
21.800,0.550,-0.0024,0.0000
22.400,0.550,-0.0016,0.0000
23.000,0.550,-0.0001,0.0000
23.600,0.550,0.0018,0.0000
24.200,0.550,0.0041,0.0000
24.800,0.550,0.0064,0.0000
25.400,0.550,0.0088,0.0000
26.000,0.550,0.0110,0.0000
26.600,0.550,0.0129,0.0000
27.200,0.550,0.0145,0.0000
27.800,0.550,0.0157,0.0000
28.400,0.550,0.0163,0.0000
29.000,0.550,0.0164,0.0000
29.600,0.550,0.0159,0.0000
30.200,0.550,0.0149,0.0000
30.800,0.550,0.0133,0.0000
31.400,0.550,0.0112,0.0000
32.000,0.550,0.0086,0.0000
8.000,0.588,0.4616,0.4092
8.600,0.588,0.4269,0.3797
9.200,0.588,0.3923,0.3502
9.800,0.588,0.3582,0.3207
10.400,0.588,0.3249,0.2944
11.000,0.588,0.2925,0.2698
11.600,0.588,0.2613,0.2452
12.200,0.588,0.2316,0.2193
12.800,0.588,0.2035,0.1909
13.400,0.588,0.1771,0.1625
14.000,0.588,0.1527,0.1342
14.600,0.588,0.1303,0.1097
15.200,0.588,0.1099,0.0852
15.800,0.588,0.0916,0.0607
16.400,0.588,0.0755,0.0428
17.000,0.588,0.0615,0.0281
17.600,0.588,0.0494,0.0135
18.200,0.588,0.0394,0.0034
18.800,0.588,0.0312,0.0023
19.400,0.588,0.0247,0.0011
20.000,0.588,0.0197,0.0000
20.600,0.588,0.0162,0.0000
21.200,0.588,0.0140,0.0000
21.800,0.588,0.0128,0.0000
22.400,0.588,0.0125,0.0000
23.000,0.588,0.0128,0.0000
23.600,0.588,0.0138,0.0000
24.200,0.588,0.0150,0.0000
24.800,0.588,0.0165,0.0000
25.400,0.588,0.0180,0.0000
26.000,0.588,0.0194,0.0000
26.600,0.588,0.0205,0.0000
27.200,0.588,0.0214,0.0000
27.800,0.588,0.0219,0.0000
28.400,0.588,0.0219,0.0000
29.000,0.588,0.0214,0.0000
29.600,0.588,0.0203,0.0000
30.200,0.588,0.0188,0.0000
30.800,0.588,0.0167,0.0000
31.400,0.588,0.0141,0.0000
32.000,0.588,0.0110,0.0000
8.000,0.625,0.4957,0.4392
8.600,0.625,0.4608,0.4109
9.200,0.625,0.4260,0.3827
9.800,0.625,0.3915,0.3544
10.400,0.625,0.3577,0.3287
11.000,0.625,0.3247,0.3042
11.600,0.625,0.2929,0.2797
12.200,0.625,0.2624,0.2538
12.800,0.625,0.2334,0.2250
13.400,0.625,0.2061,0.1963
14.000,0.625,0.1807,0.1675
14.600,0.625,0.1572,0.1410
15.200,0.625,0.1358,0.1145
15.800,0.625,0.1164,0.0880
16.400,0.625,0.0991,0.0680
17.000,0.625,0.0839,0.0513
17.600,0.625,0.0707,0.0345
18.200,0.625,0.0595,0.0222
18.800,0.625,0.0501,0.0187
19.400,0.625,0.0424,0.0152
20.000,0.625,0.0363,0.0117
20.600,0.625,0.0317,0.0084
21.200,0.625,0.0283,0.0052
21.800,0.625,0.0260,0.0019
22.400,0.625,0.0247,0.0007
23.000,0.625,0.0241,0.0004
23.600,0.625,0.0240,0.0002
24.200,0.625,0.0244,0.0000
24.800,0.625,0.0249,0.0000
25.400,0.625,0.0256,0.0000
26.000,0.625,0.0262,0.0000
26.600,0.625,0.0266,0.0000
27.200,0.625,0.0267,0.0000
27.800,0.625,0.0265,0.0000
28.400,0.625,0.0259,0.0000
29.000,0.625,0.0248,0.0000
29.600,0.625,0.0232,0.0000
30.200,0.625,0.0211,0.0000
30.800,0.625,0.0185,0.0000
31.400,0.625,0.0154,0.0000
32.000,0.625,0.0119,0.0000
8.000,0.662,0.5219,0.4667
8.600,0.662,0.4871,0.4392
9.200,0.662,0.4523,0.4117
9.800,0.662,0.4178,0.3842
10.400,0.662,0.3838,0.3592
11.000,0.662,0.3506,0.3354
11.600,0.662,0.3184,0.3117
12.200,0.662,0.2875,0.2863
12.800,0.662,0.2581,0.2575
13.400,0.662,0.2302,0.2288
14.000,0.662,0.2041,0.2000
14.600,0.662,0.1799,0.1731
15.200,0.662,0.1577,0.1463
15.800,0.662,0.1375,0.1194
16.400,0.662,0.1193,0.0988
17.000,0.662,0.1032,0.0813
17.600,0.662,0.0890,0.0637
18.200,0.662,0.0768,0.0498
18.800,0.662,0.0664,0.0429
19.400,0.662,0.0577,0.0360
20.000,0.662,0.0506,0.0292
20.600,0.662,0.0450,0.0210
21.200,0.662,0.0406,0.0129
21.800,0.662,0.0373,0.0048
22.400,0.662,0.0350,0.0017
23.000,0.662,0.0334,0.0010
23.600,0.662,0.0325,0.0004
24.200,0.662,0.0319,0.0000
24.800,0.662,0.0316,0.0000
25.400,0.662,0.0314,0.0000
26.000,0.662,0.0312,0.0000
26.600,0.662,0.0309,0.0000
27.200,0.662,0.0303,0.0000
27.800,0.662,0.0294,0.0000
28.400,0.662,0.0282,0.0000
29.000,0.662,0.0264,0.0000
29.600,0.662,0.0243,0.0000
30.200,0.662,0.0217,0.0000
30.800,0.662,0.0186,0.0000
31.400,0.662,0.0151,0.0000
32.000,0.662,0.0112,0.0000
8.000,0.700,0.5406,0.4942
8.600,0.700,0.5064,0.4674
9.200,0.700,0.4720,0.4407
9.800,0.700,0.4377,0.4139
10.400,0.700,0.4039,0.3897
11.000,0.700,0.3708,0.3667
11.600,0.700,0.3387,0.3437
12.200,0.700,0.3076,0.3188
12.800,0.700,0.2780,0.2900
13.400,0.700,0.2499,0.2613
14.000,0.700,0.2234,0.2325
14.600,0.700,0.1988,0.2053
15.200,0.700,0.1760,0.1780
15.800,0.700,0.1552,0.1507
16.400,0.700,0.1364,0.1295
17.000,0.700,0.1195,0.1112
17.600,0.700,0.1046,0.0930
18.200,0.700,0.0916,0.0774
18.800,0.700,0.0804,0.0672
19.400,0.700,0.0708,0.0569
20.000,0.700,0.0628,0.0467
20.600,0.700,0.0563,0.0337
21.200,0.700,0.0510,0.0207
21.800,0.700,0.0468,0.0077
22.400,0.700,0.0435,0.0027
23.000,0.700,0.0411,0.0017
23.600,0.700,0.0392,0.0007
24.200,0.700,0.0378,0.0000
24.800,0.700,0.0366,0.0000
25.400,0.700,0.0356,0.0000
26.000,0.700,0.0346,0.0000
26.600,0.700,0.0335,0.0000
27.200,0.700,0.0322,0.0000
27.800,0.700,0.0307,0.0000
28.400,0.700,0.0287,0.0000
29.000,0.700,0.0264,0.0000
29.600,0.700,0.0237,0.0000
30.200,0.700,0.0205,0.0000
30.800,0.700,0.0170,0.0000
31.400,0.700,0.0130,0.0000
32.000,0.700,0.0087,0.0000
8.000,0.737,0.5534,0.5171
8.600,0.737,0.5199,0.4911
9.200,0.737,0.4861,0.4651
9.800,0.737,0.4525,0.4391
10.400,0.737,0.4192,0.4152
11.000,0.737,0.3865,0.3925
11.600,0.737,0.3546,0.3698
12.200,0.737,0.3238,0.3452
12.800,0.737,0.2942,0.3169
13.400,0.737,0.2661,0.2887
14.000,0.737,0.2395,0.2604
14.600,0.737,0.2147,0.2330
15.200,0.737,0.1916,0.2057
15.800,0.737,0.1704,0.1783
16.400,0.737,0.1512,0.1563
17.000,0.737,0.1338,0.1371
17.600,0.737,0.1182,0.1178
18.200,0.737,0.1045,0.1007
18.800,0.737,0.0926,0.0877
19.400,0.737,0.0822,0.0747
20.000,0.737,0.0734,0.0617
20.600,0.737,0.0660,0.0448
21.200,0.737,0.0599,0.0279
21.800,0.737,0.0548,0.0110
22.400,0.737,0.0507,0.0043
23.000,0.737,0.0473,0.0027
23.600,0.737,0.0445,0.0011
24.200,0.737,0.0422,0.0000
24.800,0.737,0.0402,0.0000
25.400,0.737,0.0383,0.0000
26.000,0.737,0.0365,0.0000
26.600,0.737,0.0346,0.0000
27.200,0.737,0.0326,0.0000
27.800,0.737,0.0303,0.0000
28.400,0.737,0.0277,0.0000
29.000,0.737,0.0247,0.0000
29.600,0.737,0.0214,0.0000
30.200,0.737,0.0177,0.0000
30.800,0.737,0.0136,0.0000
31.400,0.737,0.0092,0.0000
32.000,0.737,0.0045,0.0000
8.000,0.775,0.5618,0.5308
8.600,0.775,0.5293,0.5056
9.200,0.775,0.4965,0.4803
9.800,0.775,0.4637,0.4551
10.400,0.775,0.4311,0.4310
11.000,0.775,0.3990,0.4075
11.600,0.775,0.3677,0.3840
12.200,0.775,0.3373,0.3594
12.800,0.775,0.3080,0.3327
13.400,0.775,0.2801,0.3059
14.000,0.775,0.2537,0.2792
14.600,0.775,0.2288,0.2522
15.200,0.775,0.2056,0.2252
15.800,0.775,0.1842,0.1982
16.400,0.775,0.1646,0.1753
17.000,0.775,0.1468,0.1546
17.600,0.775,0.1308,0.1338
18.200,0.775,0.1165,0.1152
18.800,0.775,0.1038,0.1007
19.400,0.775,0.0928,0.0862
20.000,0.775,0.0832,0.0717
20.600,0.775,0.0749,0.0529
21.200,0.775,0.0679,0.0342
21.800,0.775,0.0619,0.0154
22.400,0.775,0.0568,0.0073
23.000,0.775,0.0525,0.0046
23.600,0.775,0.0488,0.0018
24.200,0.775,0.0455,0.0000
24.800,0.775,0.0426,0.0000
25.400,0.775,0.0398,0.0000
26.000,0.775,0.0371,0.0000
26.600,0.775,0.0344,0.0000
27.200,0.775,0.0315,0.0000
27.800,0.775,0.0284,0.0000
28.400,0.775,0.0251,0.0000
29.000,0.775,0.0215,0.0000
29.600,0.775,0.0175,0.0000
30.200,0.775,0.0132,0.0000
30.800,0.775,0.0087,0.0000
31.400,0.775,0.0038,0.0000
32.000,0.775,-0.0013,0.0000
8.000,0.812,0.5678,0.5446
8.600,0.812,0.5365,0.5201
9.200,0.812,0.5048,0.4956
9.800,0.812,0.4730,0.4711
10.400,0.812,0.4414,0.4468
11.000,0.812,0.4102,0.4225
11.600,0.812,0.3796,0.3983
12.200,0.812,0.3498,0.3737
12.800,0.812,0.3210,0.3484
13.400,0.812,0.2935,0.3232
14.000,0.812,0.2673,0.2979
14.600,0.812,0.2425,0.2713
15.200,0.812,0.2193,0.2447
15.800,0.812,0.1978,0.2180
16.400,0.812,0.1779,0.1943
17.000,0.812,0.1597,0.1721
17.600,0.812,0.1432,0.1498
18.200,0.812,0.1283,0.1297
18.800,0.812,0.1150,0.1137
19.400,0.812,0.1032,0.0977
20.000,0.812,0.0928,0.0817
20.600,0.812,0.0836,0.0610
21.200,0.812,0.0756,0.0404
21.800,0.812,0.0687,0.0198
22.400,0.812,0.0626,0.0103
23.000,0.812,0.0572,0.0065
23.600,0.812,0.0525,0.0026
24.200,0.812,0.0482,0.0000
24.800,0.812,0.0442,0.0000
25.400,0.812,0.0404,0.0000
26.000,0.812,0.0368,0.0000
26.600,0.812,0.0331,0.0000
27.200,0.812,0.0293,0.0000
27.800,0.812,0.0254,0.0000
28.400,0.812,0.0212,0.0000
29.000,0.812,0.0168,0.0000
29.600,0.812,0.0122,0.0000
30.200,0.812,0.0073,0.0000
30.800,0.812,0.0022,0.0000
31.400,0.812,-0.0032,0.0000
32.000,0.812,-0.0087,0.0000
8.000,0.850,0.5731,0.5583
8.600,0.850,0.5432,0.5346
9.200,0.850,0.5129,0.5108
9.800,0.850,0.4823,0.4871
10.400,0.850,0.4518,0.4625
11.000,0.850,0.4216,0.4375
11.600,0.850,0.3918,0.4125
12.200,0.850,0.3628,0.3879
12.800,0.850,0.3346,0.3642
13.400,0.850,0.3075,0.3404
14.000,0.850,0.2816,0.3167
14.600,0.850,0.2570,0.2904
15.200,0.850,0.2338,0.2642
15.800,0.850,0.2122,0.2379
16.400,0.850,0.1920,0.2133
17.000,0.850,0.1735,0.1896
17.600,0.850,0.1564,0.1658
18.200,0.850,0.1409,0.1442
18.800,0.850,0.1269,0.1267
19.400,0.850,0.1142,0.1092
20.000,0.850,0.1029,0.0917
20.600,0.850,0.0928,0.0692
21.200,0.850,0.0837,0.0467
21.800,0.850,0.0757,0.0242
22.400,0.850,0.0685,0.0133
23.000,0.850,0.0620,0.0083
23.600,0.850,0.0560,0.0033
24.200,0.850,0.0506,0.0000
24.800,0.850,0.0454,0.0000
25.400,0.850,0.0405,0.0000
26.000,0.850,0.0357,0.0000
26.600,0.850,0.0310,0.0000
27.200,0.850,0.0262,0.0000
27.800,0.850,0.0213,0.0000
28.400,0.850,0.0163,0.0000
29.000,0.850,0.0111,0.0000
29.600,0.850,0.0057,0.0000
30.200,0.850,0.0001,0.0000
30.800,0.850,-0.0056,0.0000
31.400,0.850,-0.0115,0.0000
32.000,0.850,-0.0175,0.0000
8.000,0.887,0.5794,0.5733
8.600,0.887,0.5511,0.5492
9.200,0.887,0.5222,0.5251
9.800,0.887,0.4930,0.5010
10.400,0.887,0.4637,0.4770
11.000,0.887,0.4345,0.4531
11.600,0.887,0.4057,0.4292
12.200,0.887,0.3775,0.4053
12.800,0.887,0.3499,0.3812
13.400,0.887,0.3233,0.3570
14.000,0.887,0.2977,0.3329
14.600,0.887,0.2733,0.3059
15.200,0.887,0.2502,0.2789
15.800,0.887,0.2284,0.2519
16.400,0.887,0.2079,0.2281
17.000,0.887,0.1889,0.2058
17.600,0.887,0.1713,0.1836
18.200,0.887,0.1550,0.1623
18.800,0.887,0.1401,0.1429
19.400,0.887,0.1266,0.1235
20.000,0.887,0.1142,0.1042
20.600,0.887,0.1029,0.0813
21.200,0.887,0.0927,0.0584
21.800,0.887,0.0834,0.0355
22.400,0.887,0.0749,0.0231
23.000,0.887,0.0671,0.0158
23.600,0.887,0.0598,0.0086
24.200,0.887,0.0530,0.0035
24.800,0.887,0.0466,0.0027
25.400,0.887,0.0404,0.0020
26.000,0.887,0.0344,0.0012
26.600,0.887,0.0284,0.0009
27.200,0.887,0.0225,0.0005
27.800,0.887,0.0165,0.0001
28.400,0.887,0.0105,0.0000
29.000,0.887,0.0044,0.0000
29.600,0.887,-0.0018,0.0000
30.200,0.887,-0.0082,0.0000
30.800,0.887,-0.0145,0.0000
31.400,0.887,-0.0210,0.0000
32.000,0.887,-0.0274,0.0000
8.000,0.925,0.5879,0.5883
8.600,0.925,0.5612,0.5638
9.200,0.925,0.5338,0.5393
9.800,0.925,0.5060,0.5148
10.400,0.925,0.4780,0.4915
11.000,0.925,0.4500,0.4688
11.600,0.925,0.4221,0.4460
12.200,0.925,0.3947,0.4227
12.800,0.925,0.3679,0.3982
13.400,0.925,0.3417,0.3737
14.000,0.925,0.3165,0.3492
14.600,0.925,0.2922,0.3214
15.200,0.925,0.2690,0.2937
15.800,0.925,0.2469,0.2659
16.400,0.925,0.2261,0.2428
17.000,0.925,0.2065,0.2221
17.600,0.925,0.1882,0.2013
18.200,0.925,0.1711,0.1804
18.800,0.925,0.1553,0.1592
19.400,0.925,0.1406,0.1379
20.000,0.925,0.1270,0.1167
20.600,0.925,0.1145,0.0934
21.200,0.925,0.1029,0.0702
21.800,0.925,0.0922,0.0469
22.400,0.925,0.0822,0.0328
23.000,0.925,0.0729,0.0233
23.600,0.925,0.0642,0.0138
24.200,0.925,0.0559,0.0070
24.800,0.925,0.0480,0.0055
25.400,0.925,0.0404,0.0040
26.000,0.925,0.0330,0.0025
26.600,0.925,0.0257,0.0018
27.200,0.925,0.0185,0.0010
27.800,0.925,0.0114,0.0002
28.400,0.925,0.0043,0.0000
29.000,0.925,-0.0028,0.0000
29.600,0.925,-0.0100,0.0000
30.200,0.925,-0.0171,0.0000
30.800,0.925,-0.0242,0.0000
31.400,0.925,-0.0312,0.0000
32.000,0.925,-0.0381,0.0000
8.000,0.962,0.5992,0.6033
8.600,0.962,0.5742,0.5785
9.200,0.962,0.5484,0.5536
9.800,0.962,0.5220,0.5287
10.400,0.962,0.4953,0.5060
11.000,0.962,0.4684,0.4844
11.600,0.962,0.4416,0.4627
12.200,0.962,0.4150,0.4400
12.800,0.962,0.3888,0.4152
13.400,0.962,0.3631,0.3903
14.000,0.962,0.3381,0.3654
14.600,0.962,0.3139,0.3369
15.200,0.962,0.2905,0.3084
15.800,0.962,0.2682,0.2799
16.400,0.962,0.2469,0.2576
17.000,0.962,0.2266,0.2383
17.600,0.962,0.2075,0.2191
18.200,0.962,0.1894,0.1985
18.800,0.962,0.1725,0.1754
19.400,0.962,0.1566,0.1523
20.000,0.962,0.1417,0.1292
20.600,0.962,0.1277,0.1055
21.200,0.962,0.1146,0.0819
21.800,0.962,0.1023,0.0583
22.400,0.962,0.0907,0.0426
23.000,0.962,0.0798,0.0308
23.600,0.962,0.0694,0.0191
24.200,0.962,0.0595,0.0105
24.800,0.962,0.0500,0.0082
25.400,0.962,0.0408,0.0060
26.000,0.962,0.0319,0.0037
26.600,0.962,0.0232,0.0026
27.200,0.962,0.0147,0.0015
27.800,0.962,0.0063,0.0004
28.400,0.962,-0.0020,0.0000
29.000,0.962,-0.0102,0.0000
29.600,0.962,-0.0183,0.0000
30.200,0.962,-0.0262,0.0000
30.800,0.962,-0.0341,0.0000
31.400,0.962,-0.0417,0.0000
32.000,0.962,-0.0492,0.0000
8.000,1.000,0.6135,0.6142
8.600,1.000,0.5901,0.5899
9.200,1.000,0.5659,0.5657
9.800,1.000,0.5410,0.5414
10.400,1.000,0.5156,0.5197
11.000,1.000,0.4899,0.4992
11.600,1.000,0.4641,0.4787
12.200,1.000,0.4382,0.4567
12.800,1.000,0.4126,0.4317
13.400,1.000,0.3873,0.4067
14.000,1.000,0.3625,0.3817
14.600,1.000,0.3383,0.3542
15.200,1.000,0.3148,0.3267
15.800,1.000,0.2920,0.2992
16.400,1.000,0.2702,0.2772
17.000,1.000,0.2492,0.2579
17.600,1.000,0.2291,0.2387
18.200,1.000,0.2100,0.2182
18.800,1.000,0.1918,0.1952
19.400,1.000,0.1745,0.1722
20.000,1.000,0.1581,0.1492
20.600,1.000,0.1426,0.1249
21.200,1.000,0.1279,0.1007
21.800,1.000,0.1139,0.0764
22.400,1.000,0.1006,0.0598
23.000,1.000,0.0879,0.0471
23.600,1.000,0.0758,0.0343
24.200,1.000,0.0642,0.0245
24.800,1.000,0.0530,0.0205
25.400,1.000,0.0421,0.0165
26.000,1.000,0.0316,0.0125
26.600,1.000,0.0214,0.0092
27.200,1.000,0.0114,0.0060
27.800,1.000,0.0017,0.0027
28.400,1.000,-0.0078,0.0017
29.000,1.000,-0.0172,0.0017
29.600,1.000,-0.0263,0.0017
30.200,1.000,-0.0351,0.0015
30.800,1.000,-0.0437,0.0010
31.400,1.000,-0.0520,0.0005
32.000,1.000,-0.0600,0.0000
8.000,1.038,0.6303,0.6229
8.600,1.038,0.6087,0.5998
9.200,1.038,0.5860,0.5767
9.800,1.038,0.5626,0.5535
10.400,1.038,0.5385,0.5329
11.000,1.038,0.5139,0.5135
11.600,1.038,0.4890,0.4942
12.200,1.038,0.4639,0.4729
12.800,1.038,0.4389,0.4479
13.400,1.038,0.4140,0.4229
14.000,1.038,0.3893,0.3979
14.600,1.038,0.3651,0.3723
15.200,1.038,0.3413,0.3467
15.800,1.038,0.3181,0.3210
16.400,1.038,0.2956,0.2992
17.000,1.038,0.2738,0.2792
17.600,1.038,0.2527,0.2592
18.200,1.038,0.2325,0.2385
18.800,1.038,0.2130,0.2167
19.400,1.038,0.1943,0.1948
20.000,1.038,0.1764,0.1729
20.600,1.038,0.1592,0.1479
21.200,1.038,0.1428,0.1229
21.800,1.038,0.1271,0.0979
22.400,1.038,0.1120,0.0808
23.000,1.038,0.0975,0.0677
23.600,1.038,0.0836,0.0546
24.200,1.038,0.0701,0.0438
24.800,1.038,0.0572,0.0375
25.400,1.038,0.0446,0.0313
26.000,1.038,0.0325,0.0250
26.600,1.038,0.0207,0.0188
27.200,1.038,0.0092,0.0125
27.800,1.038,-0.0019,0.0062
28.400,1.038,-0.0127,0.0042
29.000,1.038,-0.0231,0.0042
29.600,1.038,-0.0333,0.0042
30.200,1.038,-0.0430,0.0038
30.800,1.038,-0.0524,0.0025
31.400,1.038,-0.0614,0.0013
32.000,1.038,-0.0699,0.0000
8.000,1.075,0.6488,0.6317
8.600,1.075,0.6289,0.6097
9.200,1.075,0.6079,0.5877
9.800,1.075,0.5858,0.5657
10.400,1.075,0.5630,0.5462
11.000,1.075,0.5396,0.5279
11.600,1.075,0.5156,0.5097
12.200,1.075,0.4913,0.4892
12.800,1.075,0.4668,0.4642
13.400,1.075,0.4422,0.4392
14.000,1.075,0.4178,0.4142
14.600,1.075,0.3934,0.3904
15.200,1.075,0.3694,0.3667
15.800,1.075,0.3458,0.3429
16.400,1.075,0.3226,0.3212
17.000,1.075,0.3000,0.3004
17.600,1.075,0.2779,0.2797
18.200,1.075,0.2565,0.2589
18.800,1.075,0.2357,0.2382
19.400,1.075,0.2156,0.2174
20.000,1.075,0.1962,0.1967
20.600,1.075,0.1774,0.1709
21.200,1.075,0.1593,0.1452
21.800,1.075,0.1418,0.1194
22.400,1.075,0.1249,0.1018
23.000,1.075,0.1086,0.0883
23.600,1.075,0.0928,0.0748
24.200,1.075,0.0776,0.0630
24.800,1.075,0.0629,0.0545
25.400,1.075,0.0487,0.0460
26.000,1.075,0.0349,0.0375
26.600,1.075,0.0215,0.0283
27.200,1.075,0.0086,0.0190
27.800,1.075,-0.0039,0.0097
28.400,1.075,-0.0159,0.0067
29.000,1.075,-0.0275,0.0067
29.600,1.075,-0.0387,0.0067
30.200,1.075,-0.0493,0.0060
30.800,1.075,-0.0595,0.0040
31.400,1.075,-0.0691,0.0020
32.000,1.075,-0.0782,0.0000
8.000,1.113,0.6679,0.6396
8.600,1.113,0.6497,0.6183
9.200,1.113,0.6302,0.5971
9.800,1.113,0.6096,0.5758
10.400,1.113,0.5881,0.5572
11.000,1.113,0.5658,0.5398
11.600,1.113,0.5428,0.5224
12.200,1.113,0.5192,0.5025
12.800,1.113,0.4953,0.4775
13.400,1.113,0.4711,0.4525
14.000,1.113,0.4468,0.4275
14.600,1.113,0.4225,0.4051
15.200,1.113,0.3983,0.3828
15.800,1.113,0.3742,0.3604
16.400,1.113,0.3505,0.3386
17.000,1.113,0.3271,0.3171
17.600,1.113,0.3041,0.2956
18.200,1.113,0.2816,0.2745
18.800,1.113,0.2595,0.2543
19.400,1.113,0.2381,0.2340
20.000,1.113,0.2172,0.2137
20.600,1.113,0.1968,0.1879
21.200,1.113,0.1771,0.1620
21.800,1.113,0.1579,0.1361
22.400,1.113,0.1393,0.1184
23.000,1.113,0.1213,0.1048
23.600,1.113,0.1038,0.0912
24.200,1.113,0.0869,0.0787
24.800,1.113,0.0705,0.0684
25.400,1.113,0.0546,0.0582
26.000,1.113,0.0393,0.0479
26.600,1.113,0.0244,0.0365
27.200,1.113,0.0101,0.0252
27.800,1.113,-0.0037,0.0138
28.400,1.113,-0.0169,0.0097
29.000,1.113,-0.0296,0.0094
29.600,1.113,-0.0418,0.0090
30.200,1.113,-0.0533,0.0079
30.800,1.113,-0.0642,0.0052
31.400,1.113,-0.0745,0.0026
32.000,1.113,-0.0841,0.0000
8.000,1.150,0.6863,0.6458
8.600,1.150,0.6697,0.6246
9.200,1.150,0.6518,0.6033
9.800,1.150,0.6327,0.5821
10.400,1.150,0.6124,0.5637
11.000,1.150,0.5912,0.5467
11.600,1.150,0.5692,0.5297
12.200,1.150,0.5465,0.5100
12.800,1.150,0.5232,0.4850
13.400,1.150,0.4995,0.4600
14.000,1.150,0.4754,0.4350
14.600,1.150,0.4512,0.4130
15.200,1.150,0.4268,0.3910
15.800,1.150,0.4025,0.3690
16.400,1.150,0.3783,0.3468
17.000,1.150,0.3542,0.3246
17.600,1.150,0.3304,0.3023
18.200,1.150,0.3070,0.2805
18.800,1.150,0.2839,0.2595
19.400,1.150,0.2612,0.2385
20.000,1.150,0.2390,0.2175
20.600,1.150,0.2173,0.1927
21.200,1.150,0.1960,0.1680
21.800,1.150,0.1753,0.1433
22.400,1.150,0.1552,0.1262
23.000,1.150,0.1356,0.1129
23.600,1.150,0.1165,0.0997
24.200,1.150,0.0980,0.0872
24.800,1.150,0.0801,0.0762
25.400,1.150,0.0627,0.0652
26.000,1.150,0.0459,0.0542
26.600,1.150,0.0297,0.0424
27.200,1.150,0.0141,0.0307
27.800,1.150,-0.0009,0.0189
28.400,1.150,-0.0153,0.0140
29.000,1.150,-0.0290,0.0125
29.600,1.150,-0.0421,0.0110
30.200,1.150,-0.0544,0.0090
30.800,1.150,-0.0661,0.0060
31.400,1.150,-0.0770,0.0030
32.000,1.150,-0.0871,0.0000
8.000,1.188,0.7025,0.6521
8.600,1.188,0.6876,0.6308
9.200,1.188,0.6712,0.6096
9.800,1.188,0.6535,0.5883
10.400,1.188,0.6346,0.5702
11.000,1.188,0.6146,0.5535
11.600,1.188,0.5936,0.5369
12.200,1.188,0.5718,0.5175
12.800,1.188,0.5493,0.4925
13.400,1.188,0.5261,0.4675
14.000,1.188,0.5024,0.4425
14.600,1.188,0.4784,0.4209
15.200,1.188,0.4541,0.3992
15.800,1.188,0.4297,0.3776
16.400,1.188,0.4051,0.3551
17.000,1.188,0.3807,0.3321
17.600,1.188,0.3563,0.3091
18.200,1.188,0.3321,0.2865
18.800,1.188,0.3081,0.2648
19.400,1.188,0.2845,0.2430
20.000,1.188,0.2612,0.2213
20.600,1.188,0.2383,0.1976
21.200,1.188,0.2158,0.1740
21.800,1.188,0.1938,0.1504
22.400,1.188,0.1723,0.1339
23.000,1.188,0.1514,0.1210
23.600,1.188,0.1310,0.1082
24.200,1.188,0.1111,0.0957
24.800,1.188,0.0918,0.0839
25.400,1.188,0.0731,0.0722
26.000,1.188,0.0551,0.0604
26.600,1.188,0.0377,0.0483
27.200,1.188,0.0209,0.0362
27.800,1.188,0.0048,0.0240
28.400,1.188,-0.0106,0.0182
29.000,1.188,-0.0252,0.0156
29.600,1.188,-0.0391,0.0130
30.200,1.188,-0.0523,0.0101
30.800,1.188,-0.0646,0.0067
31.400,1.188,-0.0760,0.0034
32.000,1.188,-0.0866,0.0000
8.000,1.225,0.7153,0.6583
8.600,1.225,0.7020,0.6371
9.200,1.225,0.6872,0.6158
9.800,1.225,0.6710,0.5946
10.400,1.225,0.6534,0.5767
11.000,1.225,0.6347,0.5604
11.600,1.225,0.6148,0.5442
12.200,1.225,0.5940,0.5250
12.800,1.225,0.5723,0.5000
13.400,1.225,0.5498,0.4750
14.000,1.225,0.5268,0.4500
14.600,1.225,0.5031,0.4288
15.200,1.225,0.4791,0.4075
15.800,1.225,0.4547,0.3862
16.400,1.225,0.4302,0.3633
17.000,1.225,0.4055,0.3396
17.600,1.225,0.3808,0.3158
18.200,1.225,0.3561,0.2925
18.800,1.225,0.3316,0.2700
19.400,1.225,0.3072,0.2475
20.000,1.225,0.2832,0.2250
20.600,1.225,0.2594,0.2025
21.200,1.225,0.2360,0.1800
21.800,1.225,0.2130,0.1575
22.400,1.225,0.1905,0.1417
23.000,1.225,0.1684,0.1292
23.600,1.225,0.1469,0.1167
24.200,1.225,0.1259,0.1042
24.800,1.225,0.1056,0.0917
25.400,1.225,0.0858,0.0792
26.000,1.225,0.0667,0.0667
26.600,1.225,0.0483,0.0542
27.200,1.225,0.0305,0.0417
27.800,1.225,0.0135,0.0292
28.400,1.225,-0.0027,0.0225
29.000,1.225,-0.0182,0.0187
29.600,1.225,-0.0328,0.0150
30.200,1.225,-0.0466,0.0113
30.800,1.225,-0.0595,0.0075
31.400,1.225,-0.0715,0.0038
32.000,1.225,-0.0826,0.0000
8.000,1.262,0.7236,0.6646
8.600,1.262,0.7119,0.6426
9.200,1.262,0.6986,0.6206
9.800,1.262,0.6839,0.5986
10.400,1.262,0.6677,0.5804
11.000,1.262,0.6503,0.5642
11.600,1.262,0.6317,0.5479
12.200,1.262,0.6120,0.5291
12.800,1.262,0.5913,0.5052
13.400,1.262,0.5697,0.4814
14.000,1.262,0.5474,0.4575
14.600,1.262,0.5244,0.4374
15.200,1.262,0.5008,0.4172
15.800,1.262,0.4768,0.3971
16.400,1.262,0.4525,0.3751
17.000,1.262,0.4279,0.3521
17.600,1.262,0.4032,0.3291
18.200,1.262,0.3783,0.3065
18.800,1.262,0.3536,0.2848
19.400,1.262,0.3289,0.2630
20.000,1.262,0.3043,0.2412
20.600,1.262,0.2800,0.2191
21.200,1.262,0.2560,0.1970
21.800,1.262,0.2324,0.1749
22.400,1.262,0.2091,0.1574
23.000,1.262,0.1863,0.1423
23.600,1.262,0.1640,0.1272
24.200,1.262,0.1422,0.1128
24.800,1.262,0.1210,0.0999
25.400,1.262,0.1005,0.0870
26.000,1.262,0.0805,0.0742
26.600,1.262,0.0613,0.0602
27.200,1.262,0.0428,0.0462
27.800,1.262,0.0251,0.0322
28.400,1.262,0.0082,0.0257
29.000,1.262,-0.0080,0.0231
29.600,1.262,-0.0232,0.0205
30.200,1.262,-0.0375,0.0169
30.800,1.262,-0.0510,0.0112
31.400,1.262,-0.0634,0.0056
32.000,1.262,-0.0749,0.0000
8.000,1.300,0.7264,0.6708
8.600,1.300,0.7163,0.6481
9.200,1.300,0.7046,0.6253
9.800,1.300,0.6914,0.6026
10.400,1.300,0.6767,0.5842
11.000,1.300,0.6607,0.5679
11.600,1.300,0.6434,0.5517
12.200,1.300,0.6249,0.5332
12.800,1.300,0.6054,0.5105
13.400,1.300,0.5848,0.4878
14.000,1.300,0.5634,0.4650
14.600,1.300,0.5413,0.4460
15.200,1.300,0.5185,0.4270
15.800,1.300,0.4951,0.4080
16.400,1.300,0.4713,0.3868
17.000,1.300,0.4471,0.3646
17.600,1.300,0.4226,0.3423
18.200,1.300,0.3980,0.3205
18.800,1.300,0.3733,0.2995
19.400,1.300,0.3486,0.2785
20.000,1.300,0.3240,0.2575
20.600,1.300,0.2995,0.2357
21.200,1.300,0.2752,0.2140
21.800,1.300,0.2512,0.1923
22.400,1.300,0.2276,0.1732
23.000,1.300,0.2044,0.1554
23.600,1.300,0.1816,0.1377
24.200,1.300,0.1593,0.1214
24.800,1.300,0.1376,0.1082
25.400,1.300,0.1165,0.0949
26.000,1.300,0.0961,0.0817
26.600,1.300,0.0763,0.0662
27.200,1.300,0.0573,0.0507
27.800,1.300,0.0390,0.0352
28.400,1.300,0.0216,0.0290
29.000,1.300,0.0050,0.0275
29.600,1.300,-0.0107,0.0260
30.200,1.300,-0.0255,0.0225
30.800,1.300,-0.0394,0.0150
31.400,1.300,-0.0523,0.0075
32.000,1.300,-0.0641,0.0000
8.000,1.338,0.7233,0.6771
8.600,1.338,0.7147,0.6536
9.200,1.338,0.7045,0.6301
9.800,1.338,0.6928,0.6066
10.400,1.338,0.6796,0.5879
11.000,1.338,0.6650,0.5717
11.600,1.338,0.6492,0.5554
12.200,1.338,0.6320,0.5374
12.800,1.338,0.6138,0.5157
13.400,1.338,0.5945,0.4941
14.000,1.338,0.5743,0.4725
14.600,1.338,0.5532,0.4546
15.200,1.338,0.5313,0.4368
15.800,1.338,0.5088,0.4189
16.400,1.338,0.4858,0.3986
17.000,1.338,0.4623,0.3771
17.600,1.338,0.4385,0.3556
18.200,1.338,0.4144,0.3345
18.800,1.338,0.3901,0.3143
19.400,1.338,0.3657,0.2940
20.000,1.338,0.3413,0.2737
20.600,1.338,0.3170,0.2524
21.200,1.338,0.2928,0.2310
21.800,1.338,0.2689,0.2096
22.400,1.338,0.2452,0.1889
23.000,1.338,0.2219,0.1685
23.600,1.338,0.1990,0.1482
24.200,1.338,0.1765,0.1300
24.800,1.338,0.1546,0.1164
25.400,1.338,0.1332,0.1028
26.000,1.338,0.1125,0.0892
26.600,1.338,0.0925,0.0722
27.200,1.338,0.0731,0.0552
27.800,1.338,0.0545,0.0382
28.400,1.338,0.0368,0.0323
29.000,1.338,0.0198,0.0319
29.600,1.338,0.0038,0.0315
30.200,1.338,-0.0113,0.0281
30.800,1.338,-0.0255,0.0187
31.400,1.338,-0.0387,0.0094
32.000,1.338,-0.0509,0.0000
8.000,1.375,0.7140,0.6900
8.600,1.375,0.7068,0.6675
9.200,1.375,0.6981,0.6450
9.800,1.375,0.6879,0.6225
10.400,1.375,0.6762,0.6043
11.000,1.375,0.6631,0.5883
11.600,1.375,0.6487,0.5723
12.200,1.375,0.6330,0.5542
12.800,1.375,0.6162,0.5317
13.400,1.375,0.5982,0.5092
14.000,1.375,0.5793,0.4867
14.600,1.375,0.5595,0.4682
15.200,1.375,0.5388,0.4497
15.800,1.375,0.5174,0.4312
16.400,1.375,0.4954,0.4108
17.000,1.375,0.4729,0.3896
17.600,1.375,0.4499,0.3683
18.200,1.375,0.4266,0.3474
18.800,1.375,0.4031,0.3272
19.400,1.375,0.3793,0.3069
20.000,1.375,0.3555,0.2867
20.600,1.375,0.3317,0.2672
21.200,1.375,0.3080,0.2477
21.800,1.375,0.2844,0.2282
22.400,1.375,0.2610,0.2077
23.000,1.375,0.2379,0.1867
23.600,1.375,0.2151,0.1657
24.200,1.375,0.1928,0.1472
24.800,1.375,0.1709,0.1337
25.400,1.375,0.1496,0.1202
26.000,1.375,0.1289,0.1067
26.600,1.375,0.1088,0.0884
27.200,1.375,0.0893,0.0702
27.800,1.375,0.0707,0.0519
28.400,1.375,0.0528,0.0450
29.000,1.375,0.0357,0.0437
29.600,1.375,0.0195,0.0425
30.200,1.375,0.0041,0.0380
30.800,1.375,-0.0102,0.0270
31.400,1.375,-0.0237,0.0160
32.000,1.375,-0.0361,0.0050
8.000,1.413,0.6984,0.7063
8.600,1.413,0.6926,0.6856
9.200,1.413,0.6853,0.6650
9.800,1.413,0.6765,0.6444
10.400,1.413,0.6663,0.6271
11.000,1.413,0.6547,0.6115
11.600,1.413,0.6417,0.5958
12.200,1.413,0.6276,0.5773
12.800,1.413,0.6122,0.5529
13.400,1.413,0.5957,0.5285
14.000,1.413,0.5782,0.5042
14.600,1.413,0.5598,0.4842
15.200,1.413,0.5405,0.4642
15.800,1.413,0.5204,0.4442
16.400,1.413,0.4996,0.4233
17.000,1.413,0.4783,0.4021
17.600,1.413,0.4565,0.3808
18.200,1.413,0.4342,0.3598
18.800,1.413,0.4116,0.3392
19.400,1.413,0.3888,0.3185
20.000,1.413,0.3658,0.2979
20.600,1.413,0.3428,0.2810
21.200,1.413,0.3197,0.2642
21.800,1.413,0.2968,0.2473
22.400,1.413,0.2740,0.2279
23.000,1.413,0.2514,0.2073
23.600,1.413,0.2291,0.1867
24.200,1.413,0.2071,0.1685
24.800,1.413,0.1856,0.1554
25.400,1.413,0.1645,0.1423
26.000,1.413,0.1440,0.1292
26.600,1.413,0.1241,0.1098
27.200,1.413,0.1048,0.0904
27.800,1.413,0.0862,0.0710
28.400,1.413,0.0684,0.0625
29.000,1.413,0.0513,0.0594
29.600,1.413,0.0351,0.0563
30.200,1.413,0.0197,0.0500
30.800,1.413,0.0052,0.0375
31.400,1.413,-0.0083,0.0250
32.000,1.413,-0.0209,0.0125
8.000,1.450,0.6769,0.7225
8.600,1.450,0.6723,0.7037
9.200,1.450,0.6663,0.6850
9.800,1.450,0.6589,0.6662
10.400,1.450,0.6501,0.6498
11.000,1.450,0.6399,0.6346
11.600,1.450,0.6284,0.6193
12.200,1.450,0.6158,0.6004
12.800,1.450,0.6019,0.5742
13.400,1.450,0.5869,0.5479
14.000,1.450,0.5709,0.5217
14.600,1.450,0.5539,0.5002
15.200,1.450,0.5361,0.4787
15.800,1.450,0.5174,0.4572
16.400,1.450,0.4981,0.4358
17.000,1.450,0.4781,0.4146
17.600,1.450,0.4575,0.3933
18.200,1.450,0.4365,0.3722
18.800,1.450,0.4151,0.3512
19.400,1.450,0.3934,0.3302
20.000,1.450,0.3715,0.3092
20.600,1.450,0.3494,0.2949
21.200,1.450,0.3273,0.2807
21.800,1.450,0.3052,0.2664
22.400,1.450,0.2832,0.2482
23.000,1.450,0.2614,0.2279
23.600,1.450,0.2398,0.2077
24.200,1.450,0.2184,0.1899
24.800,1.450,0.1974,0.1772
25.400,1.450,0.1769,0.1644
26.000,1.450,0.1568,0.1517
26.600,1.450,0.1373,0.1312
27.200,1.450,0.1183,0.1107
27.800,1.450,0.1000,0.0902
28.400,1.450,0.0824,0.0800
29.000,1.450,0.0655,0.0750
29.600,1.450,0.0494,0.0700
30.200,1.450,0.0341,0.0620
30.800,1.450,0.0197,0.0480
31.400,1.450,0.0062,0.0340
32.000,1.450,-0.0064,0.0200
8.000,1.488,0.6500,0.7333
8.600,1.488,0.6465,0.7158
9.200,1.488,0.6417,0.6983
9.800,1.488,0.6355,0.6808
10.400,1.488,0.6279,0.6650
11.000,1.488,0.6191,0.6500
11.600,1.488,0.6091,0.6350
12.200,1.488,0.5978,0.6158
12.800,1.488,0.5854,0.5883
13.400,1.488,0.5719,0.5608
14.000,1.488,0.5574,0.5333
14.600,1.488,0.5419,0.5110
15.200,1.488,0.5256,0.4886
15.800,1.488,0.5084,0.4662
16.400,1.488,0.4905,0.4445
17.000,1.488,0.4719,0.4231
17.600,1.488,0.4528,0.4017
18.200,1.488,0.4331,0.3804
18.800,1.488,0.4130,0.3592
19.400,1.488,0.3926,0.3379
20.000,1.488,0.3719,0.3167
20.600,1.488,0.3510,0.3042
21.200,1.488,0.3300,0.2917
21.800,1.488,0.3090,0.2792
22.400,1.488,0.2879,0.2617
23.000,1.488,0.2670,0.2417
23.600,1.488,0.2463,0.2217
24.200,1.488,0.2257,0.2042
24.800,1.488,0.2055,0.1917
25.400,1.488,0.1856,0.1792
26.000,1.488,0.1662,0.1667
26.600,1.488,0.1472,0.1454
27.200,1.488,0.1287,0.1242
27.800,1.488,0.1109,0.1029
28.400,1.488,0.0937,0.0917
29.000,1.488,0.0771,0.0854
29.600,1.488,0.0613,0.0792
30.200,1.488,0.0463,0.0700
30.800,1.488,0.0320,0.0550
31.400,1.488,0.0187,0.0400
32.000,1.488,0.0062,0.0250
8.000,1.525,0.6184,0.7333
8.600,1.525,0.6158,0.7158
9.200,1.525,0.6120,0.6983
9.800,1.525,0.6069,0.6808
10.400,1.525,0.6005,0.6650
11.000,1.525,0.5929,0.6500
11.600,1.525,0.5842,0.6350
12.200,1.525,0.5742,0.6158
12.800,1.525,0.5632,0.5883
13.400,1.525,0.5511,0.5608
14.000,1.525,0.5381,0.5333
14.600,1.525,0.5240,0.5113
15.200,1.525,0.5092,0.4893
15.800,1.525,0.4934,0.4673
16.400,1.525,0.4770,0.4455
17.000,1.525,0.4599,0.4237
17.600,1.525,0.4422,0.4020
18.200,1.525,0.4239,0.3804
18.800,1.525,0.4052,0.3592
19.400,1.525,0.3861,0.3379
20.000,1.525,0.3667,0.3167
20.600,1.525,0.3471,0.3042
21.200,1.525,0.3273,0.2917
21.800,1.525,0.3074,0.2792
22.400,1.525,0.2875,0.2617
23.000,1.525,0.2676,0.2417
23.600,1.525,0.2479,0.2217
24.200,1.525,0.2283,0.2042
24.800,1.525,0.2089,0.1917
25.400,1.525,0.1899,0.1792
26.000,1.525,0.1712,0.1667
26.600,1.525,0.1530,0.1454
27.200,1.525,0.1352,0.1242
27.800,1.525,0.1179,0.1029
28.400,1.525,0.1012,0.0917
29.000,1.525,0.0852,0.0854
29.600,1.525,0.0698,0.0792
30.200,1.525,0.0552,0.0700
30.800,1.525,0.0413,0.0550
31.400,1.525,0.0283,0.0400
32.000,1.525,0.0160,0.0250
8.000,1.562,0.5830,0.7333
8.600,1.562,0.5811,0.7158
9.200,1.562,0.5781,0.6983
9.800,1.562,0.5739,0.6808
10.400,1.562,0.5685,0.6650
11.000,1.562,0.5620,0.6500
11.600,1.562,0.5544,0.6350
12.200,1.562,0.5456,0.6158
12.800,1.562,0.5359,0.5883
13.400,1.562,0.5251,0.5608
14.000,1.562,0.5133,0.5333
14.600,1.562,0.5007,0.5117
15.200,1.562,0.4872,0.4901
15.800,1.562,0.4729,0.4685
16.400,1.562,0.4578,0.4465
17.000,1.562,0.4421,0.4244
17.600,1.562,0.4258,0.4022
18.200,1.562,0.4089,0.3804
18.800,1.562,0.3916,0.3592
19.400,1.562,0.3739,0.3379
20.000,1.562,0.3558,0.3167
20.600,1.562,0.3375,0.3042
21.200,1.562,0.3190,0.2917
21.800,1.562,0.3003,0.2792
22.400,1.562,0.2816,0.2617
23.000,1.562,0.2628,0.2417
23.600,1.562,0.2442,0.2217
24.200,1.562,0.2256,0.2042
24.800,1.562,0.2073,0.1917
25.400,1.562,0.1892,0.1792
26.000,1.562,0.1714,0.1667
26.600,1.562,0.1540,0.1454
27.200,1.562,0.1370,0.1242
27.800,1.562,0.1205,0.1029
28.400,1.562,0.1045,0.0917
29.000,1.562,0.0891,0.0854
29.600,1.562,0.0744,0.0792
30.200,1.562,0.0603,0.0700
30.800,1.562,0.0469,0.0550
31.400,1.562,0.0343,0.0400
32.000,1.562,0.0224,0.0250
8.000,1.600,0.5447,0.7333
8.600,1.600,0.5434,0.7158
9.200,1.600,0.5410,0.6983
9.800,1.600,0.5374,0.6808
10.400,1.600,0.5329,0.6650
11.000,1.600,0.5272,0.6500
11.600,1.600,0.5205,0.6350
12.200,1.600,0.5128,0.6158
12.800,1.600,0.5041,0.5883
13.400,1.600,0.4945,0.5608
14.000,1.600,0.4839,0.5333
14.600,1.600,0.4725,0.5121
15.200,1.600,0.4602,0.4908
15.800,1.600,0.4472,0.4696
16.400,1.600,0.4335,0.4475
17.000,1.600,0.4191,0.4250
17.600,1.600,0.4041,0.4025
18.200,1.600,0.3886,0.3804
18.800,1.600,0.3726,0.3592
19.400,1.600,0.3562,0.3379
20.000,1.600,0.3394,0.3167
20.600,1.600,0.3224,0.3042
21.200,1.600,0.3051,0.2917
21.800,1.600,0.2877,0.2792
22.400,1.600,0.2702,0.2617
23.000,1.600,0.2526,0.2417
23.600,1.600,0.2351,0.2217
24.200,1.600,0.2177,0.2042
24.800,1.600,0.2004,0.1917
25.400,1.600,0.1833,0.1792
26.000,1.600,0.1665,0.1667
26.600,1.600,0.1501,0.1454
27.200,1.600,0.1340,0.1242
27.800,1.600,0.1183,0.1029
28.400,1.600,0.1032,0.0917
29.000,1.600,0.0886,0.0854
29.600,1.600,0.0745,0.0792
30.200,1.600,0.0611,0.0700
30.800,1.600,0.0484,0.0550
31.400,1.600,0.0364,0.0400
32.000,1.600,0.0251,0.0250
